Active,Color,DescripLen,Description,DirectionFile,FullWebNote,GovDeliveryTopic,Line,LineForSorting,LineGroup,LineGroupType,LineGroupWebNote,LineID,MapFileName,MapListFile,Name,NoLocalsOnTransbay,PubTimetable,TimetableDate,TransitHubs,UpcomingOrCurrentLineGroup,agency_id,annu_fare,annu_sign_text,crewlist_promote,schedule_note
Yes,MFBlue,215,"Gilman St. & 6th St., Berkeley to Oakland Amtrak at Jack London Square via Gilman St., Hopkins St., Martin Luther King Jr. Way, 55th St., Temescal District, Piedmont Ave., Grand Ave., Broadway, and downtown Oakland.",,,ACTRANSIT_6,12,212,,Local,,AC:12,12-jun07-wv1.pdf,,,,12,2022-08-07,"Ashby BART12th Street BART19th Street Oakland BARTOakland JLS AmtrakOakland JLS Ferry Terminal",,ACTransit,Local,,,
Yes,MFBlue,127,"West Oakland BART to Fruitvale BART via Wood St., 14th St., E. 18th St., E. 21st St., School St., MacArthur Blvd., and High St.",,,ACTRANSIT_7,14,214,,Local,,AC:14,14-jun07-wv1.pdf,,,,14,2022-08-07,"12th Street BARTFruitvale BARTWest Oakland BART",,ACTransit,Local,,,
Yes,MFBlue,102,"Ohlone College to Union Landing Shopping Center via Washington Blvd., Fremont Blvd. and Alvarado Blvd.",,,ACTRANSIT_31,210,3210,,Local,,AC:210,210-jun07-wv1.pdf,,,,210,2022-08-07,"Fremont ACE/AmtrakUnion Landing TC",,ACTransit,Local,,1,
Yes,MFBlue,171,"Fremont BART to Pacific Commons via Walnut Ave., Fremont Blvd., and Auto Mall Parkway. On weekdays, continues to NewPark Mall via Christy St., Allbrae St., and Cedar Blvd.",,,ACTRANSIT_34,212,3212,,Local,,AC:212,212-jun07-wv1.pdf,,,,212,2022-08-07,Fremont BART,,ACTransit,Local,,,
Yes,LFCyan,242,"Fremont BART to Kato Rd. & Benicia St., Fremont, via Gallaudet Dr., Stevenson Blvd., Paseo Padre Pkwy., Grimmer Blvd., Washington Blvd., Osgood Rd., Warm Springs/South Fremont BART, Grimmer Blvd., Fremont Blvd., Landing Pkwy., and Warren Ave.",,,ACTRANSIT_33,215,3215,,Local,,AC:215,215-jun06-wv1.pdf,,,,215,2021-12-05,"Fremont BARTWarm Springs BART",,ACTransit,Local,,,
Yes,MFBlue,148,"Fremont BART to Milpitas BART via Walnut Ave., Mission Blvd., Grimmer Blvd., Warm Springs/South Fremont BART, Warm Springs Blvd., and Milpitas Blvd.",,,ACTRANSIT_36,217,3217,,Local,,AC:217,217-jun07-wv1.pdf,,,,217,2022-06-12,"Fremont BARTWarm Springs BARTMilpitas BART",,ACTransit,Local,,,
Yes,LFCyan,157,"Fremont BART to New Park Mall via Walnut Ave., Mission Blvd., Union City BART, Paseo Padre Pkwy., Ardenwood Blvd., Lido Faire Shopping Center and Cedar Blvd.",,,ACTRANSIT_37,232,3232,,Local,,AC:232,232-jun07-wv1.pdf,,,,232,2022-08-07,"Ardenwood Park & RideFremont BARTUnion City BART",,ACTransit,Local,,,
No,LineFern,225,"From West Oakland Post Office (7th St. & Campbell St.) to Edgewater Dr. & Hegenberger Blvd., Oakland, via via Downtown Oakland, Webster St., Santa Clara Ave., Alameda Towne Center, Otis Dr., Doolittle Dr., and Hegenberger Rd.",,,ACTRANSIT_123,314,3314,,Local,,AC:314,314-jun07-wv1.pdf,,,,314,2011-12-18,"12th Street BARTWest Oakland BART",,ACTransit,Local,,,
No,LineChartreuse,147,"E. E. Cleveland Senior Center to Alameda South Shore Center via Palo Vista Gardens, Allen Temple Arms, Hegenberger Rd., Doolittle Dr., and Otis Dr.",,,ACTRANSIT_129,356,3356,,Local,,AC:356,356-jun07-wv1.pdf,,,,356,2019-12-15,Coliseum BART/Amtrak,,ACTransit,Local,,,
Yes,IrregBrown,213,"El Cerrito Del Norte BART to Pinole Vista via Cutting Blvd., Richmond BART, North Richmond, Contra Costa College, Parchester Village, and Richmond Pkwy. Return via Richmond Parkway Transit Center and Hilltop Mall.",,,ACTRANSIT_130,376,3376,,Local,,AC:376,376-jun07-wv1.pdf,,,,376,2022-08-07,"El Cerrito del Norte BARTHilltop MallRichmond BART/AmtrakRichmond Parkway TCContra Costa College",,ACTransit,Local,,,
Yes,HFRed,95,"Downtown Oakland to Bay Fair BART via Foothill Blvd., Eastmont Transit Center and Bancroft Ave.",,,ACTRANSIT_96,40,240,,Local,,AC:40,"40,840-jun07-wv1.pdf",,,,40,2022-08-07,"12th Street BARTEastmont TCBay Fair BART",,ACTransit,Local,,1,
Yes,MFBlue,153,"Eastmont Transit Center to Foothill Square, Oakland, via Hillmont Ave., Seminary Ave., Coliseum BART, Edes Ave., Sobrante Park, 105th Ave. and 104th Ave.",,,ACTRANSIT_97,45,245,,Local,,AC:45,45-jun07-wv1.pdf,,,,45,2022-08-07,"Coliseum BART/AmtrakEastmont TCFoothill Square",,ACTransit,Local,,,
No,LineOlive,99,"Coliseum BART to Oakland Zoo via 81st Ave., 82nd Ave. Fontaine St., Keller Ave., and Mountain Blvd.",,,ACTRANSIT_98,46,246,,Local,,AC:46,46-jun07-wv1.pdf,,,,46,2020-03-29,Coliseum BART/Amtrak,,ACTransit,Local,,,
No,LineMaroon,87,"Fruitvale BART to Trask St. & 55th Ave., Oakland, via Monticello Ave. and Birdsall Ave.",,,ACTRANSIT_99,47,247,,Local,,AC:47,47-jun07-wv1.pdf,,,,47,2019-12-15,Fruitvale BART,,ACTransit,Local,,,
Yes,MFBlue,207,"University Village to UC campus via University Village, Cedar St., Sacramento St., and University Ave., looping the UC campus via Hearst Ave., Gayley St., Bancroft Way, and Shattuck Ave. (Downtown Berkeley).",,,ACTRANSIT_104,52,252,,Local,,AC:52,52-aug04.pdf,,,,52,2022-08-07,"Berkeley BARTNorth Berkeley BART",,ACTransit,Local,,,
Yes,HFRed,63,Fruitvale BART to Merritt College via 35th Ave. and Redwood Rd.,,,ACTRANSIT_106,54,254,,Local,,AC:54,54-jun07-wv1.pdf,,,,54,2022-06-12,Fruitvale BART,,ACTransit,Local,,,
Yes,HFRed,102,"Public Market Emeryville to Foothill Square, Oakland, via Shellmound St., 40th St. and MacArthur Blvd.",,,ACTRANSIT_15,57,257,,Local,,AC:57,57-jun07-wv1.pdf,,,,57,2022-08-07,"Eastmont TCFoothill SquareMacArthur BARTEmeryville AmtrakChampion Transit Plaza",,ACTransit,Local,,1,
Yes,UnspecGray,160,"North Berkeley BART to Oakland Hebrew Day School, Head Royce High School and Bentley School via University Ave., Southside Berkeley, College Ave. and Ashby Ave.",,,ACTRANSIT_133,604,3604,,Service to Schools,,AC:604,,,,,604,2022-08-07,"North Berkeley BARTBerkeley BART",,ACTransit,Local,,,
Yes,UnspecGray,139,"University Ave. & Shattuck Ave., Berkeley, to Head Royce High School via Southside Berkeley, College Ave., Broadway Terrace, and Montclair.",,,ACTRANSIT_134,605,3605,,Service to Schools,,AC:605,,,,,605,2022-08-07,Berkeley BART,,ACTransit,Local,,,
Yes,UnspecGray,116,"Highland Ave. and Moraga Ave., Piedmont, to Head Royce High School via Highland Ave., Crocker Ave. and Mandana Blvd.",,,ACTRANSIT_41,606,3606,,Service to Schools,,AC:606,,,,,606,2022-08-07,,,ACTransit,Local,,,
Yes,UnspecGray,114,"Point Richmond to Richmond High School via Macdonald Ave., Richmond BART, Harbour Way, Rumrill Blvd., and 23rd St.",,,ACTRANSIT_42,607,3607,,Service to Schools,,AC:607,,,,,607,2022-08-07,Richmond BART/Amtrak,,ACTransit,Local,,,
Yes,MFBlue,103,"West Oakland BART to Fruitvale BART via 7th St., E. 10th St., 8th Ave., Highland Hospital and 23rd Ave.",,,ACTRANSIT_19,62,262,,Local,,AC:62,62-jun07-wv1.pdf,,,,62,2022-08-07,"Fruitvale BARTLake Merritt BARTWest Oakland BART",,ACTransit,Local,,,
Yes,UnspecGray,119,"Cedar Blvd. & Stevenson Blvd., Newark, to Newark Jr. High via Cedar Blvd., Central Ave., Sycamore St. and Thornton Ave.",,,ACTRANSIT_48,620,3620,,Service to Schools,,AC:620,,,,,620,2022-08-07,,,ACTransit,Local,,,
Yes,UnspecGray,144,"Ardenwood Blvd. & Commerce Dr., Fremont to American High School and Thornton Jr. High School via Paseo Padre Pkwy., Decoto Rd. and Fremont Blvd.",,,ACTRANSIT_49,621,3621,,Service to Schools,,AC:621,,,,,621,2022-08-07,,,ACTransit,Local,,,
Yes,UnspecGray,187,"Dixon Landing Rd. & Milpitas Blvd., Milpitas to Irvington High School or Horner Jr. High School via Warm Springs Blvd., Mission Blvd., Paseo Padre Pkwy., Auto Mall Pkwy. and Grimmer Blvd.",,,ACTRANSIT_51,623,3623,,Service to Schools,,AC:623,,,,,623,2022-08-07,,,ACTransit,Local,,,
Yes,UnspecGray,145,"From Mission San Jose High School or Hopkins Jr. High School to Paseo Padre Pkwy. & Mission Blvd., Fremont via Driscoll Rd. and Paseo Padre Pkwy.",,,ACTRANSIT_52,624,3624,,Service to Schools,,AC:624,,,,,624,2022-08-07,,,ACTransit,Local,,,
Yes,UnspecGray,142,"Niles Blvd. & El Portal Ave., Fremont, to Washington High School and Centerville Jr. High School via Niles Blvd., Mowry Ave. and Fremont Blvd.",,,ACTRANSIT_53,625,3625,,Service to Schools,,AC:625,,,,,625,2022-08-07,,,ACTransit,Local,,,
Yes,UnspecGray,105,"Lido Faire Shopping Center to Newark Memorial High School via Newark Blvd., Central Ave., and Cedar Blvd.",,,ACTRANSIT_135,626,3626,,Service to Schools,,AC:626,,,,,626,2022-08-07,,,ACTransit,Local,,,
Yes,UnspecGray,73,Lido Faire Shopping Center to Newark Memorial High School via Cedar Blvd.,,,ACTRANSIT_137,628,3628,,Service to Schools,,AC:628,,,,,626,2022-08-07,,,ACTransit,Local,,,
Yes,UnspecGray,127,"Lido Faire Shopping Center to Newark Memorial High School via Jarvis Ave., Haley St., Sycamore St., Central Ave. and Cherry St.",,,ACTRANSIT_138,629,3629,,Service to Schools,,AC:629,,,,,629,2022-08-07,,,ACTransit,Local,,,
Yes,UnspecGray,120,"Bay Farm Island to Encinal High School via Encinal Ave., Alameda High School, Central Ave., Webster St. and Lincoln Ave.",,,ACTRANSIT_139,631,3631,,Service to Schools,,AC:631,,,,,631,2022-08-07,,,ACTransit,Local,,,
Yes,UnspecGray,115,"73rd Ave. & International Blvd. to Skyline High School via 73rd Ave., MacArthur Blvd., I-580, CA-13 and Redwood Rd.",,,ACTRANSIT_140,638,3638,,Service to Schools,,AC:638,,,,,638,2022-08-07,,,ACTransit,Local,,,
Yes,UnspecGray,117,"Montera Middle School to Snake Rd. & Colton Blvd., Oakland via Snake Rd., Colton Blvd., Saroni Dr., and Colton Blvd. ",,,ACTRANSIT_143,642,3642,,Service to Schools,,AC:642,,,,,642,2022-08-07,,,ACTransit,Local,,,
Yes,UnspecGray,144,"Coliseum BART to Skyline High School and Montera Middle School via 81st Ave., 82nd Ave., Fontaine St., Keller Ave., Hansom Dr. and Skyline Blvd.",,,ACTRANSIT_146,646,3646,,Service to Schools,,AC:646,,,,,646,2022-08-07,Coliseum BART/Amtrak,,ACTransit,Local,,,
Yes,UnspecGray,81,"Fruitvale BART to Skyline High School via High St., Tompkins Ave. and Redwood Rd.",,,ACTRANSIT_148,648,3648,,Service to Schools,,AC:648,,,,,648,2022-08-07,Fruitvale BART,,ACTransit,Local,,,
Yes,UnspecGray,113,"Golf Links Rd. & Dunkirk Ave., Oakland, to Skyline High School via Golf Links Rd., Sequoyah Rd. and Skyline Blvd.",,,ACTRANSIT_54,649,3649,,Service to Schools,,AC:649,,,,,649,2022-08-07,,,ACTransit,Local,,,
Yes,LFCyan,112,"Downtown Berkeley to Lawrence Hall of Science or Senior Ave. via Hearst Ave., Euclid Ave. and Grizzly Peak Blvd.",,,ACTRANSIT_20,65,265,,Local,,AC:65,65-jun07-wv1.pdf,,,,65,2022-08-07,Berkeley BART,,ACTransit,Local,,,
Yes,UnspecGray,227,"Seminary Ave. & International Blvd., Oakland, to Montera Middle School via Seminary Ave., Greenly Dr., Keller Ave., Monte Vista Villas, Hansom Dr., Skyline Blvd., Joaquin Miller Rd., Monterey Blvd., Leimert Blvd. and Park Blvd.",,,ACTRANSIT_55,650,3650,,Service to Schools,,AC:650,,,,,650,2022-08-07,,,ACTransit,Local,,,
Yes,UnspecGray,150,"90th Ave. & International Blvd., Oakland, to Skyline High School via 90th Ave., MacArthur Blvd., 98th Ave., Sequoyah Rd., Hansom Dr. and Skyline Blvd.",,,ACTRANSIT_57,652,3652,,Service to Schools,,AC:652,,,,,652,2022-08-07,,,ACTransit,Local,,,
Yes,UnspecGray,67,Frutivale BART to Skyline High School via 35th Ave. and Redwood Rd.,,,ACTRANSIT_59,654,3654,,Service to Schools,,AC:654,,,,,654,2022-08-07,,,ACTransit,Local,,,
Yes,UnspecGray,120,"Frutivale BART to Montera Middle School via 35th Ave., Redwood Rd., Skyline Blvd., Joaquin Miller Rd. and Mountain Blvd.",,,ACTRANSIT_60,655,3655,,Service to Schools,,AC:655,,,,,655,2022-08-07,,,ACTransit,Local,,,
Yes,UnspecGray,116,"Broadway & MacArthur Blvd., Oakland to Skyline High School via MacArthur Blvd., Lincoln Ave., and Joaquin Miller Rd.",,,ACTRANSIT_62,658,3658,,Service to Schools,,AC:658,,,,,658,2022-08-07,,,ACTransit,Local,,,
Yes,UnspecGray,194,"40th St. & Broadway, Oakland to Skyline High School via 40th St., Broadway, Broadway Terrace, Florence Ave., Harbord Dr., Moraga Ave., Mountain Blvd., Joaquin Miller Road, and Skyline Boulevard.",,,ACTRANSIT_64,662,3662,,Service to Schools,,AC:662,,,,,662,2022-08-07,,,ACTransit,Local,,,
Yes,UnspecGray,167,"Market St. & 6th St., North Richmond to El Cerrito High School and Korematsu Middle School via Market St., Fred Jackson Way, 7th St., Macdonald Ave. and San Pablo Ave.",,,ACTRANSIT_149,667,3667,,Service to Schools,,AC:667,,,,,667,2022-08-07,,,ACTransit,Local,,,
No,UnspecGray,115,"Richmond BART to El Cerrito High School and Portola Middle School via Harbour Way, Cutting Blvd. and San Pablo Ave.",,,ACTRANSIT_150,668,3668,,Service to Schools,,AC:668,,,,,668,2020-08-09,Richmond BART/Amtrak,,ACTransit,Local,,,
Yes,UnspecGray,190,"Contra Costa College to Juan Crespi Middle School via El Portal Dr., Church Lane, San Pablo Dam Rd., Castro Ranch Rd., Carraige Dr., Olinda Rd. Valley View Rd., Appian Way and Fitzgerald Dr.",,,ACTRANSIT_151,669,3669,,Service to Schools,,AC:669,,,,,669,2022-08-07,Contra Costa College,,ACTransit,Local,,,
Yes,MFBlue,84,Downtown Berkeley to Grizzly Peak Blvd. and Spruce St. via Oxford St. and Spruce St.,,,ACTRANSIT_21,67,267,,Local,,AC:67,67-jun07-wv1.pdf,,,,67,2021-12-05,Berkeley BART,,ACTransit,Local,,,
Yes,UnspecGray,168,"Contra Costa College to De Anza High School via Birmingham Dr., Shane Dr., Hilltop Dr., I-80, Fitzgerald Dr., Juan Crespi Middle School, Appian Way, and Valley View Rd.",,,ACTRANSIT_153,671,3671,,Service to Schools,,AC:671,,,,,671,2022-08-07,Contra Costa College,,ACTransit,Local,,,
Yes,UnspecGray,174,"Broadway Ave. & College Ln. to Juan Crespi Middle School via Broadway, 11th St., Stanton Ave., Robert H. Miller Dr., Hilltop Dr., Hilltop Green, Appian Way and Fitzgerald Dr.",,,ACTRANSIT_154,672,3672,,Service to Schools,,AC:672,,,,,672,2022-08-07,Hilltop Mall,,ACTransit,Local,,,
Yes,UnspecGray,154,"Richmond BART to Portola Middle School and El Cerrito High School via Harbour Way, Cutting Blvd., Potrero Ave., 47th St., Carlson Blvd. and Fairmount Ave.",,,ACTRANSIT_157,675,3675,,Service to Schools,,AC:675,,,,,675,2022-08-07,Richmond BART/Amtrak,,ACTransit,Local,,,
Yes,UnspecGray,181,"Contra Costa College to De Anza High School via El Portal Dr., Moyers Rd., Groom Dr., , Hilltop Dr., I-80, Fitzgerald Dr., Juan Crespi Middle School, Appian Way, and Valley View Rd.",,,ACTRANSIT_158,676,3676,,Service to Schools,,AC:676,,,,,676,2022-08-07,Contra Costa College,,ACTransit,Local,,,
No,,155,"Contra Costa College to Juan Crespi Middle School via El Portal Dr., Church Lane, San Pablo Dam Rd., May Rd. Valley View Rd., Appian Way and Fitzgerald Dr.",,,ACTRANSIT_160,679,3679,,Service to Schools,,AC:679,,,,,669,2020-08-09,Contra Costa College,,ACTransit,Local,,,
Yes,UnspecGray,93,"Grand Ave. & MacArthur Blvd., Oakland, to Bishop O&rsquo;Dowd High School via MacArthur Blvd.",,,ACTRANSIT_161,680,3680,,Service to Schools,,AC:680,,,,,680,2022-08-07,,,ACTransit,Local,,,
Yes,UnspecGray,143,"Macdonald Ave. & Richmond Parkway to Levonya DeJean Middle School via Macdonald Ave., Harbour Way, Cutting Blvd, S. 37th St. and Macdonald Ave.",,,ACTRANSIT_162,681,3681,,Service to Schools,,AC:681,,,,,681,2022-08-07,,,ACTransit,Local,,,
Yes,UnspecGray,124,"40th St. & Broadway, Oakland, to Bishop O&rsquo;Dowd High School via Broadway, Broadway Terrace, Mountain Blvd. and Hwy. 13.",,,ACTRANSIT_67,682,3682,,Service to Schools,,AC:682,,,,,682,2022-08-07,,,ACTransit,Local,,,
Yes,MFBlue,83,El Cerrito del Norte BART to Downtown Berkeley via Arlington Ave. and Shattuck Ave.,,,ACTRANSIT_4,7,17,,Local,,AC:7,7-jun07-wv1.pdf,,,,7,2022-03-27,"Berkeley BARTEl Cerrito del Norte BART",,ACTransit,Local,,,
Yes,LFCyan,145,"Richmond BART to Richmond Pkwy. Transit Center via 23rd St., Lincoln Ave., 13th St., Rheem Ave., San Pablo Dam Rd., Appian Way and Fitzgerald Dr.",,,ACTRANSIT_23,70,270,,Local,,AC:70,70-jun07-wv1.pdf,,,,70,2022-03-27,"Richmond BART/AmtrakRichmond Parkway TC",,ACTransit,Local,,,
Yes,MFBlue,195,"El Cerrito Plaza BART to Richmond Parkway Transit Center via Carlson Blvd., Richmond BART, Rumrill Blvd., Contra Costa College, Parchester Village, Giant Highway, Atlas Rd., and Richmond Parkway.",,,ACTRANSIT_24,71,271,,Local,,AC:71,71-jun07-wv1.pdf,,,,71,2022-08-07,"El Cerrito Plaza BARTRichmond BART/AmtrakRichmond Parkway TCContra Costa College",,ACTransit,Local,,,
Yes,MFBlue,137,"Hilltop Mall to Jack London Square via Moyers Rd., Contra Costa College, San Pablo Ave., El Cerrito del Norte BART, and downtown Oakland.",,,ACTRANSIT_25,72,272,,Local,,AC:72,"72,72M,72R,802-jun07-wv1.pdf",,,,72,2022-08-07,"El Cerrito del Norte BARTEl Cerrito Plaza BART12th Street BART19th Street Oakland BARTOakland JLS Ferry TerminalHilltop MallContra Costa College",,ACTransit,Local,,1,
Yes,MFBlue,134,"Point Richmond to Jack London Square via Garrard Blvd., Macdonald Ave., El Cerrito del Norte BART, San Pablo Ave. and downtown Oakland",,,ACTRANSIT_26,72M,272M,72,Local,,AC:72M,"72,72M,72R,802-jun07-wv1.pdf",,,,72,2022-08-07,"El Cerrito del Norte BARTEl Cerrito Plaza BART12th Street BART19th Street Oakland BARTOakland JLS Ferry TerminalRichmond BART/Amtrak",,ACTransit,Local,,,
Yes,HFRed,129,"San Pablo Rapid -- Contra Costa College to Jack London Square via El Cerrito del Norte BART, San Pablo Ave. and downtown Oakland.",,,ACTRANSIT_27,72R,272R,,Local,,AC:72R,"72,72M,72R,802-jun07-wv1.pdf",,,,72R,2022-08-07,"El Cerrito del Norte BART12th Street BART19th Street Oakland BARTOakland JLS Ferry TerminalContra Costa College",,ACTransit,Local,,,
Yes,MFBlue,147,"Marina Bay, Richmond to Castro Ranch Rd. & San Pablo Dam Rd., El Sobrante, via Richmond BART, 23rd St., Contra Costa College and San Pablo Dam Rd. ",,,ACTRANSIT_108,74,274,,Local,,AC:74,74-jun07-wv1.pdf,,,,74,2021-12-05,"Hilltop MallRichmond BART/AmtrakContra Costa College",,ACTransit,Local,,,
Yes,MFBlue,211,"El Cerrito del Norte BART to Richmond Parkway Transit Center via Cutting Blvd., Richmond BART, North Richmond, Market Ave., Church Lane, Road 20, Contra Costa College, Birmingham Dr., Shane Rd. and Hilltop Mall.",,,ACTRANSIT_110,76,276,,Local,,AC:76,76-jun07-wv1.pdf,,,,76,2022-08-07,"El Cerrito del Norte BARTHilltop MallRichmond BART/AmtrakContra Costa CollegeRichmond Parkway TC",,ACTransit,Local,,,
No,LineOlive,123,"Hayward BART to South Hayward BART via A St., Hesperian Blvd., Clawiter Blvd., Investment Blvd., Arden Rd. and Tennyson Rd.",,,ACTRANSIT_112,83,283,,Local,,AC:83,"83,86,386-jun07-z1.pdf",,,,83,2020-03-29,"Hayward BARTSouth Hayward BART",,ACTransit,Local,,,
Yes,LFCyan,138,"Hayward BART to South Hayward BART via Winton Ave., Mack St. (AC Transit Hayward Division), Cabot Blvd., Industrial Blvd. and Tennyson Rd.",,,ACTRANSIT_114,86,286,,Local,,AC:86,"83,86,386-jun07-z1.pdf",,,,86,2022-08-07,"Hayward BARTSouth Hayward BART",,ACTransit,Local,,,
Yes,MFBlue,113,"From Downtown Berkeley to Lake Merritt BART via University Ave., Sacramento St., Market St. and downtown Oakland.",,,ACTRANSIT_116,88,288,,Local,,AC:88,88-jun07-wv1.pdf,,,,88,2022-08-07,"Berkeley BART12th Street BARTLake Merritt BART",,ACTransit,Local,,,
Yes,LFCyan,193,"From Bay Fair BART to Castro Valley BART via Elgin St., Ashland Ave., Paseo Grande, Grant Ave., Bockman Rd., Hesperian Blvd., A St., downtown Hayward, City Center Dr., Grove Way and Redwood Rd.",,,ACTRANSIT_118,93,293,,Local,,AC:93,93-jun07-wv1.pdf,,,,93,2022-08-07,"Hayward BARTBay Fair BARTCastro Valley BART",,ACTransit,Local,,,
No,LineMaroon,71,Hayward BART to Hayward Highlands via East St. and Hayward High School.,,,ACTRANSIT_119,94,294,,Local,,AC:94,94-jun07-wv1.pdf,,,,94,2019-08-11,Hayward BART,,ACTransit,Local,,,
Yes,LFCyan,57,Hayward BART to Fairview District via D St. and Maud Ave.,,,ACTRANSIT_120,95,295,,Local,,AC:95,95-jun07-wv1.pdf,,,,95,2022-08-07,Hayward BART,,ACTransit,Local,,,
Yes,MFBlue,124,"Bay Fair BART to Union City BART via Hesperian Blvd., Chabot College, Union Landing Shopping Center and Alvarado-Niles Blvd.",,,ACTRANSIT_28,97,297,,Local,,AC:97,97-jun06-wv1.pdf,,,,97,2022-08-07,"Bay Fair BARTUnion City BARTUnion Landing TC",,ACTransit,Local,,,
Yes,MFBlue,102,"Coliseum BART to Eastmont Transit Center via Oakport St., Edgewater Dr., 98th Ave. and MacArthur Blvd.",,,ACTRANSIT_29,98,298,,Local,,AC:98,98-jun07-wv1.pdf,,,,98,2022-08-07,"Coliseum BART/AmtrakEastmont TC",,ACTransit,Local,,,
Yes,MFBlue,126,"Hayward BART to Fremont BART via Mission Blvd., South Hayward BART, Union City BART, Decoto Rd., Fremont Blvd. and Walnut Ave.",,,ACTRANSIT_30,99,299,,Local,,AC:99,"99,801-jun07-wv1.pdf",,,,99,2020-08-09,"Fremont BARTFremont ACE/AmtrakHayward BARTSouth Hayward BARTUnion City BART",,ACTransit,Local,,,
No,LineMauve,121,"Lakeshore Ave. & Longridge Dr. to Salesforce Transit Center, San Francisco via Longridge Dr., Trestle Glen Rd. and I-580.",,,ACTRANSIT_78,B,B,,Transbay,,AC:B,B-jun07-wv1.pdf,,,,B,2018-08-12,Salesforce Transit Center,,ACTransit,Transbay,,,
No,LinePink,127,"Highland Ave. & Highland Way, Piedmont, to Salesforce Transit Center, San Francisco via Moraga Ave., Piedmont Ave. and 40th St.",,,ACTRANSIT_163,C,C,,Transbay,,AC:C,C-jun07-wv1.pdf,,,,C,2019-08-11,"MacArthur BARTSalesforce Transit Center",,ACTransit,Transbay,,,
No,LineFern,138,"Warren Freeway and Broadway Terr. to Salesforce Transit Center, San Francisco via Duncan Way, Harbord Ave., Broadway Terrace and Broadway.",,,ACTRANSIT_164,CB,CB,,Transbay,,AC:CB,"CB,V-jun07-wv1.pdf",,,,CB,2018-12-23,Salesforce Transit Center,,ACTransit,Transbay,,,
Yes,IrregBrown,91,"Caldecott Ln. and Tunnel Rd. to Salesforce Transit Center, San Francisco via Claremont Ave.",,,ACTRANSIT_167,E,E,,Transbay,,AC:E,E-jun07-wv1.pdf,,,,E,2022-08-07,Salesforce Transit Center,,ACTransit,Transbay,,,
Yes,MFBlue,126,"UC campus to Salesforce Transit Center, San Francisco via Shattuck Ave., Adeline St., Market St., 40th St., and Shellmound St.",,,ACTRANSIT_168,F,F,,Transbay,,AC:F,"F,FS-jun07-wv1.pdf",,,,F,2022-08-07,"Ashby BARTBerkeley BARTSalesforce Transit Center",,ACTransit,Transbay,,,
Yes,IrregBrown,106,"Solano Ave. & Colusa St. to Salesforce Transit Center, San Francisco via Shattuck Ave. and University Ave.",,,ACTRANSIT_169,FS,FS,,Transbay,,AC:FS,"F,FS-jun07-wv1.pdf",,,1,FS,2021-12-05,Salesforce Transit Center,,ACTransit,Transbay,,,
Yes,IrregBrown,154,"El Cerrito Plaza BART to Salesforce Transit Center, San Francisco, via Fairmount Ave., Colusa Ave., Solano Ave., San Pablo Ave., University Ave. and I-80.",,,ACTRANSIT_170,G,G,,Transbay,,AC:G,G-jun07-wv1.pdf,,,1,G,2021-08-08,"El Cerrito Plaza BARTSalesforce Transit Center",,ACTransit,Transbay,,,
No,LineYellow,135,"Barrett Ave. & San Pablo Ave., El Cerrito, to Salesforce Transit Center, San Francisco via Arlington Ave., Monterey Ave. and Gilman St.",,,ACTRANSIT_171,H,H,,Transbay,,AC:H,H-jun07-wv1.pdf,,,1,H,2019-08-11,Salesforce Transit Center,,ACTransit,Transbay,,,
Yes,IrregBrown,159,"San Pablo Dam Rd. & Princeton Plaza Shopping Center to Salesforce Transit Center, San Francisco via El Portal Dr., Church Lane, San Pablo Ave. and Central Ave.",,,ACTRANSIT_173,L,L,,Transbay,,AC:L,L-jun07-wv1.pdf,,,1,L,2022-08-07,"El Cerrito del Norte BARTSalesforce Transit Center",,ACTransit,Transbay,,,
Yes,IrregBrown,196,"Hilltop Dr. Park and Ride to Salesforce Transit Center, San Francisco via Hilltop Drive, Richmond Parkway, Richmond Parkway Transit Center, I-80, Central Ave., Pierce St. and Albany Park and Ride.",,,ACTRANSIT_174,LA,LA,,Transbay,,AC:LA,LA-jun07-wv1.pdf,,,1,LA,2022-08-07,"Richmond Parkway TCSalesforce Transit Center",,ACTransit,Transbay,,,
No,LineBlue,108,Hayward BART to Hillsdale Shopping Center via San Mateo Bridge and (commute hours only) Oracle Headquarters.,,,ACTRANSIT_175,M,M,,Transbay,,AC:M,"M,MA-jun07-z1.pdf",,,,M,2019-08-11,Hayward BART,,ACTransit,Transbay2Zone,,,
Yes,MFBlue,158,"Eastmont Transit Center to Salesforce Transit Center, San Francisco via MacArthur Blvd., Grand Ave., downtown Oakland and West Grand Ave. Makes limited stops.",,,ACTRANSIT_176,NL,NL,,Transbay,,AC:NL,"NL,805-jan06-v2.pdf",,,,NL,2021-12-05,"19th Street Oakland BARTEastmont TCSalesforce Transit CenterChampion Transit Plaza",,ACTransit,Transbay,,,
Yes,IrregBrown,140,"Millsbrae Ave. & MacArthur Blvd. to Salesforce Transit Center, San Francisco via MacArthur Blvd. and I-580 (entering freeway at Grand Ave.).",,,ACTRANSIT_80,NX,NX,,Transbay,,AC:NX,NX-jun07-wv1.pdf,,,1,NX,2021-12-05,"Salesforce Transit CenterChampion Transit Plaza",,ACTransit,Transbay,,,
No,LineChartreuse,192,"Salesforce Transit Center, San Francisco to Fruitvale Ave. & MacArthur Blvd. via I-580 (exiting at Grand Ave.) and MacArthur Blvd. From San Francisco only; travel to San Francisco via Line NX.",,,ACTRANSIT_81,NX1,NX11,,Transbay,,AC:NX1,NX1-jun07-wv1.pdf,,,1,NX,2020-08-09,"Salesforce Transit CenterChampion Transit Plaza",,ACTransit,Transbay,,,
No,LineSky,178,"Salesforce Transit Center, San Francisco to High St. & MacArthur Blvd. via I-580, Fruitvale Ave. and MacArthur Blvd. From San Francisco only; travel to San Francisco via Line NX.",,,ACTRANSIT_82,NX2,NX12,,Transbay,,AC:NX2,NX2-jun07-wv1.pdf,,,1,NX,2020-08-09,"Salesforce Transit CenterChampion Transit Plaza",,ACTransit,Transbay,,,
Yes,IrregBrown,127,"Marlow Dr. & Foothill Way to Salesforce Transit Center, San Francisco via MacArthur Blvd., Eastmont Transit Center and High St.",,,ACTRANSIT_83,NX3,NX13,,Transbay,,AC:NX3,NX3-jun07-wv1.pdf,,,1,NX3,2022-08-07,"Eastmont TCFoothill SquareSalesforce Transit Center",,ACTransit,Transbay,,,
No,LineMauve,137,"Castro Valley Park & Ride to Salesforce Transit Center, San Francisco via Center St., Seven Hills Rd., Lake Chabot Rd. and Foothill Blvd.",,,ACTRANSIT_84,NX4,NX14,,Transbay,,AC:NX4,NX4-jun07-wv1.pdf,,,1,NX4,2019-03-31,Salesforce Transit Center,,ACTransit,Transbay,,,
Yes,MFBlue,165,"Fruitvale BART to Salesforce Transit Center, San Francisco, via Fruitvale Bridge, Fernside Blvd., High St., Encinal Ave., Broadway, Santa Clara Ave. and Webster St. ",,,ACTRANSIT_85,O,O,,Transbay,,AC:O,"O,OX-jun07-wv1.pdf",,,,O,2021-03-28,"Fruitvale BARTSalesforce Transit Center",,ACTransit,Transbay,,,
Yes,IrregBrown,113,"Bay Farm Island to Salesforce Transit Center, San Francisco via Island Dr. Park & Ride, Encinal Ave. and Park St.",,,ACTRANSIT_86,OX,OX,,Transbay,,AC:OX,"O,OX-jun07-wv1.pdf",,,1,OX,2022-03-27,Salesforce Transit Center,,ACTransit,Transbay,,,
Yes,IrregBrown,131,"From Highland Ave. & Highland Way, Piedmont, to Salesforce Transit Center, San Francisco via Oakland Ave., Harrison St., and I-580.",,,ACTRANSIT_87,P,P,,Transbay,,AC:P,P-jun07-wv1.pdf,,,1,P,2022-08-07,Salesforce Transit Center,,ACTransit,Transbay,,,
No,LineYellow,190,"Winton Ave. & Hesperian Blvd., Hayward, to Salesforce Transit Center, San Francisco via Hesperian Blvd., Paseo Grande, Washington Ave., Lewelling Blvd., Farnsworth St., Merced St. and I-880.",,,ACTRANSIT_88,S,S,,Transbay,,AC:S,"S,SA-jun07-wv1.pdf",,,1,S,2018-08-12,Salesforce Transit Center,,ACTransit,Transbay,,,
No,LineMauve,149,"Cedar Blvd. & Stevenson Blvd., Newark, to Salesforce Transit Center, San Francisco via Cedar Blvd., Newark Blvd, Union City Blvd. and Hesperian Blvd.",,,ACTRANSIT_90,SB,SB,,Transbay,,AC:SB,SB-jun07-wv1.pdf,,,1,SB,2020-03-29,"Ardenwood Park & RideSalesforce Transit Center",,ACTransit,Transbay,,,
Yes,IrregBrown,129,"Broadway and Broadway Terr. to Salesforce Transit Center, San Francisco, via Broadway Terrace, Moraga Ave., Park Blvd. and I-580.",,,ACTRANSIT_92,V,V,,Transbay,,AC:V,"CB,V-jun07-wv1.pdf",,,1,V,2021-08-08,Salesforce Transit Center,,ACTransit,Transbay,,,
Yes,IrregBrown,133,"Broadway & Blanding Ave., Alameda, to Salesforce Transit Center, San Francisco via Fernside Blvd., High St., Otis Dr. and Webster St.",,,ACTRANSIT_177,W,W,,Transbay,,AC:W,W-may07-v2.pdf,,,1,W,2022-03-27,Salesforce Transit Center,,ACTransit,Transbay,,,
No,LineMauve,122,"Salesforce Transit Center, San Francisco to San Pablo Ave. & Marin Ave., Albany via Christie St., Hollis St. and Sixth St.",,,ACTRANSIT_178,Z,Z,Z,Transbay,,AC:Z,Z-may07-v1.pdf,,,1,Z,2018-08-12,Salesforce Transit Center,,ACTransit,Transbay,,,
Yes,LFCyan,158,"Union City BART to Ohlone College Newark Campus via Alvarado-Niles Rd., Niles Blvd., Mowry Ave., Fremont BART, Stevenson Blvd., Cedar Blvd., and NewPark Mall.",,,ACTRANSIT_35,216,3216,,Local,,AC:216,216-jun07-wv1.pdf,,,,216,2022-03-27,"Fremont BARTUnion City BART",,ACTransit,Local,,,
Yes,UnspecGray,169,"Richmond BART to El Cerrito High School via Macdonald Ave., 23rd St., Garvin Ave., McBryde Ave., Arlington Blvd., Cutting Blvd., Korematsu Middle School and Ashbury Ave.",,,ACTRANSIT_69,684,3684,,Service to Schools,,AC:684,,,,,684,2022-08-07,"Richmond BART/AmtrakEl Cerrito del Norte BART",,ACTransit,Local,,,
Yes,IrregBrown,108,"Fremont BART to Stanford University via Centerville Amtrak, Ardenwood Park & Ride, and the Dumbarton Bridge.",,,ACTRANSIT_91,U,U,,Transbay,,AC:U,U-jun07-z1.pdf,,,1,U,2020-08-09,"Ardenwood Park & RideFremont BARTFremont ACE/Amtrak",,ACTransit,Transbay,,,"For information on monthly parking at the Ardenwood Park &amp; Ride Lot, contact <a title=""Central Parking's Ardenwood lot"" href=""https://parkcentral.parking.com/CreateAccount.aspx?addressKey=QJTOPE1gPPY%3d&amp;lot=yCyDEODS111KZytn4Eu8oQ%3d%3d"" target=""_blank"">Central Parking</a>."
Yes,UnspecGray,80,Coliseum BART to Oakland Technical High School via 73rd Ave. and MacArthur Blvd.,,,ACTRANSIT_61,657,3657,,Service to Schools,,AC:657,,,,,657,2022-08-07,,,ACTransit,Local,,,
Yes,LFCyan,131,"Union City BART to Stanford Oval via Ardenwood Park & Ride, Dumbarton Bridge, Menlo Park VA Medical Center, and Palo Alto Caltrain.",,,ACTRANSIT_166,DB,DB,,Dumbarton Express,,DBX:DB,,,,,DB,2020-06-14,,,DumbartonExpress,Transbay2Zone,,,"This service is operated under the auspices of a consortium of five transit agencies: AC Transit, BART, SamTrans, VTA, and Union City Transit. For complete information, see <a href=""http://www.dumbartonexpress.com/"">www.dumbartonexpress.com</a><br><br>For information on monthly parking at the Ardenwood Park &amp; Ride Lot, contact <a title=""Central Parking's Ardenwood lot"" href=""https://parkcentral.parking.com/CreateAccount.aspx?addressKey=QJTOPE1gPPY%3d&amp;lot=yCyDEODS111KZytn4Eu8oQ%3d%3d"" target=""_blank"">Central Parking</a>."
Yes,LFCyan,110,"Union City BART to Stanford Industrial Park via Ardenwood Park & Ride, Dumbarton Bridge and Oregon Expressway.",,,ACTRANSIT_166,DB1,DB11,,Dumbarton Express,,DBX:DB1,,,,,DB,2020-06-14,,,DumbartonExpress,Transbay2Zone,,,"This service is operated under the auspices of a consortium of five transit agencies: AC Transit, BART, SamTrans, VTA, and Union City Transit. For complete information, see <a href=""http://www.dumbartonexpress.com/"">www.dumbartonexpress.com</a><br><br>For information on monthly parking at the Ardenwood Park &amp; Ride Lot, contact <a title=""Central Parking's Ardenwood lot"" href=""https://parkcentral.parking.com/CreateAccount.aspx?addressKey=QJTOPE1gPPY%3d&amp;lot=yCyDEODS111KZytn4Eu8oQ%3d%3d"" target=""_blank"">Central Parking</a>."
Yes,UnspecGray,204,"Grand Ave. & MacArthur Blvd., Oakland, to Monterey Ave. & Hopkins Ave., Berkeley, via MacArthur Blvd., Park Blvd., Mountain Blvd., Broadway Terrace, Broadway, College Ave., Alcatraz Ave. and Sacamento St.",,,ACTRANSIT_70,688,3688,,Service to Schools,,AC:688,,,,,688,2022-08-07,,,ACTransit,Local,,,
Yes,IrregBrown,136,"Sacramento St. and University Ave., Berkeley to Salesforce Transit Center, San Francisco via Sacramento St., Ashby Ave. and Christie St.",,,ACTRANSIT_172,J,J,,Transbay,,AC:J,J-jun07-wv1.pdf,,,1,J,2021-08-08,Salesforce Transit Center,,ACTransit,Transbay,,,
Yes,IrregBrown,221,"All Nighter. Richmond BART to 24th St. BART via San Pablo Ave., University Ave., Telegraph Ave. and downtown Oakland. Returns via Mission St., Market St., 1st St. near the Salesforce Transit Center, and West Oakland BART.",,,ACTRANSIT_72,800,3800,,All Nighter,,AC:800,800-jun07-wv1.pdf,,,,800,2021-12-05,"Berkeley BARTEl Cerrito del Norte BART12th Street BART19th Street Oakland BARTWest Oakland BARTRichmond BART/Amtrak16th St. BART24th St. BARTCivic Center BARTMontgomery St. BARTPowell St. BARTAshby BARTMacArthur BARTSalesforce Transit Center",,ACTransit,Transbay2Zone,,,
Yes,IrregBrown,145,"All Nighter. San Leandro BART to Fremont BART via International Blvd., E. 14th St., Mission Blvd., Union City BART, Decoto Rd., and Fremont Blvd.",,,ACTRANSIT_73,801,3801,,All Nighter,,AC:801,"1,1R,801-jun07-wv1.pdf",,,,801,2022-03-27,"Fremont BARTFremont ACE/AmtrakHayward BARTSouth Hayward BARTBay Fair BARTSan Leandro BARTUnion City BART",,ACTransit,Local,,,
Yes,IrregBrown,67,All Nighter. Berkeley Amtrak to downtown Oakland via San Pablo Ave.,,,ACTRANSIT_74,802,3802,,All Nighter,,AC:802,"72,72M,802-jun07-wv1.pdf",,,,72,2021-08-08,"12th Street BART19th Street Oakland BARTBerkeley Amtrak",,ACTransit,Local,,,
Yes,IrregBrown,100,"All Nighter. Downtown Oakland to Oakland Airport via Grand Ave., MacArthur Blvd., and Coliseum BART.",,,ACTRANSIT_75,805,3805,,All Nighter,,AC:805,"NL,805-jun07-wv1.pdf",,,,805,2022-08-07,"12th Street BART19th Street Oakland BARTColiseum BART/AmtrakEastmont TCOakland AirportChampion Transit Plaza",,ACTransit,Local,,,
Yes,IrregBrown,75,All Nighter. Downtown Oakland to Eastmont Transit Center via Foothill Blvd.,,,ACTRANSIT_76,840,3840,,All Nighter,,AC:840,"40,840-jun07-wv1.pdf",,,,40,2019-12-15,"12th Street BARTEastmont TC",,ACTransit,Local,,,
Yes,IrregBrown,186,"All Nighter. Downtown Berkeley to Fruitvale BART via Southside Berkeley (UC campus), College Ave., Broadway, downtown Oakland, Webster St., Santa Clara Ave., Broadway, and Fruitvale Ave.",,,ACTRANSIT_77,851,3851,,All Nighter,,AC:851,"51,851-jun07-wv1.pdf",,,,851,2021-06-13,"Berkeley BART12th Street BART19th Street Oakland BARTFruitvale BARTRockridge BART",,ACTransit,Local,,,
No,LineLavender,175,"Downtown Oakland to San Leandro BART via 11th and 12th streets, International Blvd., and E. 14th St. (Begins and ends at Uptown Transit Center between 1:00 a.m. and 5:00 a.m.)",,,ACTRANSIT_2,1,11,1,Local,,AC:1,"1,1R,801-jun07-wv1.pdf",,,,1,2020-03-29,"12th Street BARTSan Leandro BART19th Street Oakland BARTFruitvale BART",,ACTransit,Local,,1,
Yes,HFRed,169,"University Village, Albany, to Lake Merritt BART via Solano Ave., Shattuck Ave., Childrenâ€™s Hospital, Martin Luther King Jr. Way, Downtown Oakland and 7th / 8th streets.",,,ACTRANSIT_8,18,218,,Local,,AC:18,18-jun06-wv1.pdf,,,,18,2022-08-07,"Berkeley BART12th Street BART19th Street Oakland BARTMacArthur BARTLake Merritt BART",,ACTransit,Local,,1,
Yes,LFCyan,198,"Dimond District, Oakland, to downtown Oakland via Fruitvale Ave., Fruitvale BART, Park St., Alameda South Shore Center, Shoreline Dr., Grand St., Otis Dr., Westline Dr., Central Ave. and Webster St.",,,ACTRANSIT_9,20,220,,Local,,AC:20,,,,,20,2022-08-07,"12th Street BARTFruitvale BARTChampion Transit Plaza",,ACTransit,Local,,,
Yes,LFCyan,165,"Dimond District, Oakland, to Oakland Airport via Fruitvale Ave., Fruitvale BART, Park St., Otis Dr., and Bay Farm Island. Some trips serve Harbor Bay Ferry Terminal.",,,ACTRANSIT_10,21,221,21,Local,,AC:21,,,,,21,2022-08-07,"Harbor Bay FerryFruitvale BARTOakland AirportChampion Transit Plaza",,ACTransit,Local,,,
Yes,LFCyan,94,"Fruitvale BART to Skyline High School via Fruitvale Ave., Lincoln Ave., and Joaquin Miller Rd.",,,ACTRANSIT_95,39,239,,Local,,AC:39,,,,,39,2022-08-07,"Fruitvale BARTChampion Transit Plaza",,ACTransit,Local,,,
Yes,HFRed,125,"Rockridge BART to Fruitvale BART via College Ave., Broadway (Oakland), Webster St., Santa Clara Ave., and Broadway (Alameda).",,,ACTRANSIT_102,51A,251A,,Local,,AC:51A,,,,,51A,2022-08-07,"12th Street BART19th Street Oakland BARTFruitvale BARTRockridge BART",,ACTransit,Local,,1,
Yes,HFRed,152,"Rockridge BART to Berkeley Amtrak or Berkeley Marina via College Ave., Bancroft Way / Durant Ave., Shattuck Ave., Downtown Berkeley and University Ave. ",,,ACTRANSIT_103,51B,251B,,Local,,AC:51B,,,,,51B,2022-06-12,"Berkeley AmtrakBerkeley BARTRockridge BART",,ACTransit,Local,,1,
Yes,LFCyan,157,"From Cal State East Bay to South Hayward BART via 2nd St., downtown Hayward, Winton Ave., Southland Mall,  Hesperian Blvd., Chabot College and Tennyson Road.",,,ACTRANSIT_17,60,260,,Local,,AC:60,,,,,60,2022-08-07,"Hayward BARTSouth Hayward BART",,ACTransit,Local,,,
Yes,HFRed,91,"Eastmont Transit Center to Oakland Airport via 73rd Ave., Coliseum BART and Hegenberger Rd.",,,ACTRANSIT_107,73,273,,Local,,AC:73,,,,,73,2022-08-07,"Coliseum BART/AmtrakEastmont TCOakland Airport",,ACTransit,Local,,1,
Yes,LFCyan,170,"Fremont BART to Milmont Dr. and Kato Rd., Fremont, via Walnut Ave., Paseo Padre Pkwy., Grimmer Blvd., Mission Blvd. Warm Springs Blvd., Dixon Landing Road and Milmont Dr.",,,ACTRANSIT_38,239,3239,,Local,,AC:239,,,,,239,2020-12-20,"Fremont BARTWarm Springs BART",,ACTransit,Local,,,
Yes,LFCyan,167,"Fremont BART to Ohlone College, Newark Campus (weekends: Silliman Center) via Walnut Ave., Paseo Padre Pkwy., Thornton Ave., Newark Blvd., Central Ave., and Cherry St.",,,ACTRANSIT_40,251,3251,,Local,,AC:251,,,,,251,2021-12-05,Fremont BART,,ACTransit,Local,,,
No,LinePink,119,"Fruitvale BART to Chabot Space & Science Center via Fruitvale Ave., Lincoln Ave., Joaquin Miller Rd., and Skyline Blvd.",,,ACTRANSIT_126,339,3339,,Local,,AC:339,,,,,39,2017-08-20,"Fruitvale BARTChampion Transit Plaza",,ACTransit,Local,,,
No,LineSky,224,"Salesforce Transit Center, San Francisco to Hilltop Dr. Park & Ride via I-80, Pierce St., San Pablo Ave., El Portal Dr., I-80, Richmond Pkwy. and Hilltop Dr. From San Francisco only; travel to San Francisco via line L or LA.",,,ACTRANSIT_199,LC,LC,L,Transbay,,AC:LC,,,,1,L,2018-08-12,"El Cerrito del Norte BARTRichmond Parkway TCSalesforce Transit Center",,ACTransit,Transbay,,,
No,LineLavender,219,"Salesforce Transit Center, San Francisco to Castro Valley Park & Ride via I-580, Fruitvale Ave., MacArthur Bl., Foothill Bl., Lake Chabot Rd., and Seven Hills Rd. From S.F. only; travel to S.F. via line NX, NX3, or NX4.",,,ACTRANSIT_200,NXC,NXC,NX4,Transbay,,AC:NXC,,,,1,NX4,2018-12-23,"Eastmont TCFoothill SquareSalesforce Transit CenterChampion Transit Plaza",,ACTransit,Transbay,,,
Yes,UnspecGray,232,"Broadway & Blanding Ave., Alameda, to Ralph Appezzato Mem. Pkwy. & 3rd St. via Fernside Blvd., High St., Encinal Ave., Park St., Otis Dr., Shoreline Dr., Westline Dr., Central Ave., Webster St., Lincoln Ave. and Encinal High School.",,,ACTRANSIT_65,663,3663,,Service to Schools,,AC:663,,,,,663,2022-08-07,,,ACTransit,Local,,,
No,O,90,City of Oakland Broadway Shuttle (daytime). Jack London Square to Grand Ave. via Broadway.,,,,BSD,BSD,,Broadway Shuttle,,BSH:BSD,,,,,BSD,2017-12-17,,,BroadwayShuttle,None,,,
No,B2,88,City of Oakland Broadway Shuttle (evening). Jack London Square to 27th St. via Broadway.,,,,BSN,BSN,,Broadway Shuttle,,BSH:BSN,,,,,BSN,2017-12-17,,,BroadwayShuttle,None,,,
Yes,UnspecGray,198,"From Skyline Blvd. & Redwood Rd. to Oakland Technical High School via Skyline Blvd., Joaquin Miller Rd., Mountain Blvd., Montclair Village, Harbord Dr., Florence Ave., Broadway Terrace and Broadway.",,,ACTRANSIT_221,696,3696,,Service to Schools,,AC:696,,,,,696,2022-08-07,,,ACTransit,Local,,,
Yes,MFBlue,164,"Union City BART to Fremont BART via Decoto Road, Newark Blvd., Thornton Ave., Filbert St., Central Ave., Cedar Blvd., NewPark Mall, Mowry Ave., and Civic Center Dr.",,,ACTRANSIT_227,200,3200,,Local,,AC:200,,,,,200,2021-12-05,"Fremont BARTUnion City BART",,ACTransit,Local,,,
Yes,UnspecGray,86,Bay Farm Island to Lincoln Middle School via Bay Farm Island Bridge and Fernside Blvd.,,,ACTRANSIT_228,687,3687,,Service to Schools,,AC:687,,,,,687,2022-08-07,,,ACTransit,Local,,,
Yes,LFCyan,175,"Coliseum BART to Grass Valley via 81st Ave., 82nd Ave. Fontaine St., Mountain Blvd., and Golf Links Rd. Limited stops between Coliseum BART and Mountain Blvd. & Golf Links Rd.",,,ACTRANSIT_239,46L,246L,46L,Local,,AC:46L,,,,,46L,2020-08-09,Coliseum BART/Amtrak,,ACTransit,Local,,,
Yes,UnspecGray,100,From Montera Middle School to Skyline Blvd. & Tunnel Rd. via Montclair Village and Broadway Terrace.,,,ACTRANSIT_246,677,3677,677,Service to Schools,,AC:677,,,,,677,2022-08-07,,,ACTransit,Local,,,
Yes,HFRed,92,Downtown Oakland to Downtown Berkeley via Telegraph Ave. and Southside Berkeley (UC campus).,,,ACTRANSIT_255,6,16,6,Local,,AC:6,,,,,6,2022-06-12,"12th Street BART19th Street Oakland BARTMacArthur BARTBerkeley BART",,ACTransit,Local,,1,
Yes,MFBlue,82,"San Leandro BART to Hayward BART via E. 14th St., Bay Fair BART, and Mission Blvd.",,,ACTRANSIT_256,10,210,10,Local,,AC:10,,,,,10,2020-12-20,"Bay Fair BARTHayward BARTSan Leandro BART",,ACTransit,Local,,,
Yes,MFBlue,125,"Coliseum BART to Foothill Square, Oakland, via San Leandro St., 85th Ave., International Blvd., 90th Ave. and MacArthur Blvd.",,,ACTRANSIT_257,90,290,90,Local,,AC:90,,,,,90,2022-08-07,"Coliseum BART/AmtrakFoothill Square",,ACTransit,Local,,,
Yes,LFCyan,169,"From Downtown Oakland to Fruitvale BART via the Webster/Posey tubes, Marina Village Pkwy., Atlantic Ave., Buena Vista Ave., Alameda Bridgeside Center, and Fruitvale Ave.",,,ACTRANSIT_260,19,219,19,Local,,AC:19,,,,,19,2021-08-08,"Fruitvale BART12th Street BART",,ACTransit,Local,,,
No,FlexRed,18,Castro Valley Flex,,,ACTRANSIT_278,448,3448,,Flex,,AC:448,,,,,,2016-12-18,Castro Valley BART,,ACTransit,Local,,,
No,FlexRed,11,Newark Flex,,,ACTRANSIT_279,475,3475,,Flex,,AC:475,,,,,,2016-12-18,"Union City BARTArdenwood Park & Ride",,ACTransit,Local,,,
Yes,UnspecGray,162,"Seminary Ave. & International Blvd., Oakland, to Skyline High School via Seminary Ave., Greenly Dr., Keller Ave., Monte Vista Villas, Hansom Dr. and Skyline Blvd.",,,ACTRANSIT_45,617,3617,,Service to Schools,,AC:617,,,,,617,2022-08-07,,,ACTransit,Local,,,
Yes,MFBlue,255,"Public Market Emeryville to Lakeshore Ave. & Mandana Blvd., Oakland, via 65th St., Hollis St., Peralta St., West Oakland BART, 10th St., 11th/12th streets, and Lakeshore Ave., continuing up Lakeshore Ave. and returning to Mandana Blvd. via Wala Vista Ave.",,,ACTRANSIT_267,29,229,,Local,,AC:29,,,,,29,2022-08-07,"Emeryville AmtrakWest Oakland BART12th Street BART",,ACTransit,Local,,,
Yes,MFBlue,131,"Montclair to Highland Ave. & Highland Way, Piedmont, via Park Blvd., Downtown Oakland, Kaiser Center, Harrison St. and Oakland Ave.",,,ACTRANSIT_268,33,233,,Local,,AC:33,,,,,33,2022-08-07,"19th Street Oakland BART12th Street BART",,ACTransit,Local,,,
Yes,MFBlue,193,"Bancroft Way & Piedmont Ave., Berkeley to West Oakland BART via Bancroft Way/Durant Ave., Shattuck Ave., Dwight Way, 7th St., Public Market Emeryville, Shellmound St., 40th St., and Adeline St.",,,ACTRANSIT_269,36,236,,Local,,AC:36,,,,,36,2020-08-09,"Emeryville AmtrakWest Oakland BART",,ACTransit,Local,,,
Yes,MFBlue,248,"El Cerrito Plaza BART to Rockridge BART via Fairmount Ave., Colusa Ave., Solano Ave., Martin Luther King Jr. Way, Downtown Berkeley, Bancroft Way / Durant Ave., Piedmont Ave., Warring St., Derby St., Claremont Blvd., Claremont Ave. and College Ave.",,,ACTRANSIT_270,79,279,,Local,,AC:79,,,,,79,2022-08-07,"Rockridge BARTBerkeley BARTEl Cerrito Plaza BART",,ACTransit,Local,,,
No,LineOrange,153,"El Cerrito Plaza BART to Ashby Ave. & Claremont Ave. via Central Ave, Pierce St., Pacific East Mall, University Village, 6th St., 7th St., and Ashby Ave.",,,ACTRANSIT_271,80,280,,Local,,AC:80,,,,,80,2019-06-16,"El Cerrito Plaza BARTBerkeley AmtrakAshby BART",,ACTransit,Local,,,
Yes,MFBlue,181,"Alameda Point to Dimond District via Midway Ave., Lincoln Ave., Webster/Posey tubes, Downtown Oakland, E. 10th St., E. 12th St./International Blvd., 14th Ave. and Highland Hospital.",,,ACTRANSIT_273,96,296,,Local,,AC:96,,,,,96,2021-12-05,"12th Street BARTLake Merritt BARTChampion Transit Plaza",,ACTransit,Local,,,
No,UnspecGray,156,"Dimond District, Oakland to Westlake Middle School via Highland Hospital, 14th Ave., International Blvd. / E. 12th St., 10th St., Broadway, and Harrison St.",,,ACTRANSIT_275,611,3611,611,Service to Schools,,AC:611,,,,,611,2021-12-05,"12th Street BART19th Street Oakland BARTLake Merritt BARTChampion Transit Plaza",,ACTransit,Local,,,
Yes,UnspecGray,115,"MacArthur Blvd. & Broadway, Oakland, to Montera Middle School via MacArthur Blvd., Lincoln Ave., and Mountain Blvd.",,,ACTRANSIT_58,653,3653,,Service to Schools,,AC:653,,,,,653,2022-08-07,,,ACTransit,Local,,,
Yes,UnspecGray,150,"Broadway & 40th St., Oakland, to Montera Middle School via Broadway, Broadway Terrace, Florence Avenue, Harbord Drive, Moraga Ave., and Mountain Blvd.",,,ACTRANSIT_63,660,3660,,Service to Schools,,AC:660,,,,,660,2022-08-07,,,ACTransit,Local,,,
Yes,LFCyan,303,"From San Leandro BART to Hayward BART via Williams St., Alvarado St., Monterey Blvd., Floresta Blvd., Halcyon Dr., Bay Fair BART, 159th Ave., E. 14th St., 164th Ave., Miramar Ave., Stanton Ave., Lake Chabot Rd., Castro Valley Blvd., Castro Valley BART, Redwood Rd., Seven Hills Rd., Center St. and A St.",,,ACTRANSIT_290,28,228,,Local,,AC:28,,,,,28,2022-03-27,"Castro Valley BARTSan Leandro BARTHayward BARTBay Fair BART",,ACTransit,Local,,,
Yes,LFCyan,255,"From Foothill Square, Oakland to Hayward BART via MacArthur Blvd., Estudillo Ave., San Leandro BART, Davis St., Westgate Parkway, Merced St., Kaiser Hospital, Wiley St., Farnsworth St., Fargo Ave., Lewelling Blvd., Meekland Ave., Hayward Amtrak and A St. ",,,ACTRANSIT_291,34,234,,Local,,AC:34,,,,,34,2021-12-05,"San Leandro BARTHayward BARTHayward Amtrak",,ACTransit,Local,,,
Yes,LFCyan,341,"From Foothill Square, Oakland, to Bay Fair BART via MacArthur Blvd., Estudillo Ave., San Leandro BART, Davis St., Westgate Parkway, Williams St., San Leandro Marina,  Wicks Blvd., Lewelling Blvd., and Hesperian Blvd. On weekends, it continues from Bay Fair BART to Alameda County Juvenile Justice Center via Hesperian Blvd. and Fairmont Dr. ",,,ACTRANSIT_292,35,235,35,Local,,AC:35,,,,,35,2021-12-05,"San Leandro BARTBay Fair BART",,ACTransit,Local,,,
Yes,LFCyan,152,"From Hayward BART to Union Landing Transit Center via Whitman St., Harder Rd., Gading Rd., Manon Ave., South Hayward BART, Huntwood Ave. and Whipple Rd.",,,ACTRANSIT_293,41,241,,Local,,AC:41,,,,,41,2020-12-20,"Union Landing TCHayward BARTSouth Hayward BART",,ACTransit,Local,,,
Yes,LFCyan,295,"From Hayward BART to Union Landing Transit Center via A St., Santa Clara St., Amador St., Jackson St., Evergreen St., Underwood Ave., Patrick Ave., Tampa Ave., Folsom Ave., Ruus Rd., Ruus Lane, Industrial Pkwy. W., Huntwood Ave., Whipple Rd., Union Landing Transit Center, and Alvarado-Niles Rd.",,,ACTRANSIT_294,56,256,56,Local,,AC:56,,,,,56,2022-03-27,Hayward BART,,ACTransit,Local,,,
No,EarlyBirdPurple,73,BART Early Bird. Fremont BART to 19th St. Oakland BART via Bay Fair BART.,,,,710,3710,,Early Bird,,AC:710,,,,,701,2019-06-16,"19th Street Oakland BARTBay Fair BARTFremont BART",,ACTransit,Local,,,
Yes,EarlyBirdPurple,74,"BART Early Bird. Fremont BART to Salesforce Transit Center, San Francisco.",,,,707,3707,,Early Bird,,AC:707,,,,,701,2022-08-07,"Salesforce Transit CenterFremont BART",,ACTransit,Transbay,,,
Yes,EarlyBirdPurple,94,"BART Early Bird. Bay Fair BART to Salesforce Transit Center, San Francisco via Fruitvale BART.",,,,706,3706,,Early Bird,,AC:706,,,,,701,2022-08-07,"Salesforce Transit CenterBay Fair BARTFruitvale BART",,ACTransit,Transbay,,,
No,EarlyBirdPurple,83,"BART Early Bird. Salesforce Transit Center, San Francisco to 19th St. Oakland BART.",,,,705,3705,,Early Bird,,AC:705,,,,,701,2019-08-11,"19th Street Oakland BARTSalesforce Transit Center",,ACTransit,Transbay,,,
Yes,EarlyBirdPurple,83,"BART Early Bird. Dublin/Pleasanton BART to Salesforce Transit Center, San Francisco",,,,703,3703,,Early Bird,,AC:703,,,,,701,2022-08-07,"Dublin/Pleasanton BARTSalesforce Transit Center",,ACTransit,Transbay,,,
Yes,EarlyBirdPurple,100,"BART Early Bird. Pleasant Hill/Contra Costa Centre BART to Salesforce Transit Center, San Francisco.",,,,702,3702,,Early Bird,,AC:702,,,,,701,2022-08-07,"Pleasant Hill BARTSalesforce Transit Center",,ACTransit,Transbay,,,
Yes,EarlyBirdPurple,86,"BART Early Bird. Pittsburg/Bay Point BART to Salesforce Transit Center, San Francisco.",,,,701,3701,,Early Bird,,AC:701,,,,,701,2022-08-07,"Pittsburg / BPt BARTSalesforce Transit Center",,ACTransit,Transbay,,,
No,LineBlue,,,,,,1R,11R,,Local,,AC:1R,,,,,,2000-01-01,,,ACTransit,Local,,,
No,LineFern,169,"Dimond District, Oakland to Estates Dr. & Inverleith Terr., Piedmont, via Highland Hospital, 14th Ave., 10th St., Broadway, Harrison St., Oakland Ave., and Highland Ave.",,,ACTRANSIT_5,11,211,11,Local,,AC:11,11-jun07-wv1.pdf,,,,11,2016-12-18,"12th Street BART19th Street Oakland BARTLake Merritt BART",,ACTransit,Local,,,
No,LineViolet,151,"Two-way loop: Hayward BART, Mission Blvd., South Hayward BART, Tennyson Rd., Hesperian Blvd., Chabot College, Southland Mall, W. Winton Ave., and D St.",,,ACTRANSIT_11,22,222,,Local,,AC:22,,,,,22,2016-12-18,"Hayward BARTSouth Hayward BART",,ACTransit,Local,,,
No,LineChartreuse,222,"Two-way loop: El Cerrito Plaza BART, Central Ave, Pierce St., University Village, Gilman St., Hopkins St., Martin Luther King Jr. Way, Downtown Berkeley, Martin Luther King Jr. Way, Solano Ave., Colusa Ave., Fairmount Ave.",,,ACTRANSIT_12,25,225,,Local,,AC:25,,,,,25,2016-12-18,"Berkeley BARTEl Cerrito Plaza BART",,ACTransit,Local,,,
No,LineOlive,179,"Public Market Emeryville to Lakeshore Ave. & Wala Vista Ave., Oakland, via Shellmound St., 40th St., Adeline St., 7th St., West Oakland BART, Wood St., 14th St. and Lakeshore Ave.",,,ACTRANSIT_13,26,226,,Local,,AC:26,,,,,26,2016-12-18,"12th Street BARTWest Oakland BARTEmeryville Amtrak",,ACTransit,Local,,,
No,LineGreen,181,"Alameda Point to MacArthur BART via Midway Ave., Lincoln Ave., Marina Village Pkwy., Webster/Posey tubes, 12th St., 10th St., West Oakland BART, Peralta St., Hollis St. and 40th St.",,,ACTRANSIT_14,31,231,,Local,,AC:31,,,,,31,2016-12-18,"12th Street BARTMacArthur BARTWest Oakland BART",,ACTransit,Local,,,
No,LineChartreuse,198,"Two-way loop: Hayward BART, Western Blvd., Meekland Ave., Ashland Ave., Bay Fair BART, E. 14th St., 164th Ave., Miramar Ave., Stanton Ave., Lake Chabot Rd., Castro Valley BART, Center St., and B St.",,,ACTRANSIT_93,32,232,,Local,,AC:32,,,,,32,2016-12-18,"Castro Valley BARTHayward BARTBay Fair BART",,ACTransit,Local,,,
No,LineLavender,188,"Two-way loop: Hayward BART, West A St., Santa Clara St., Amador St., Santa Clara St., Underwood Ave., Patrick Ave., Tennyson Rd., South Hayward BART, Whitman St., Silva Ave., and Meek Ave.",,,ACTRANSIT_94,37,237,,Local,,AC:37,,,,,37,2016-12-18,"Hayward BARTSouth Hayward BART",,ACTransit,Local,,,
No,LineOlive,219,"From Hayward BART to Bay Fair BART via Foothill Blvd., City Center Dr., Grove St., Redwood Rd., Castro Valley BART, Center St., Seven Hills Rd., Redwood Rd., Somerset Ave., Lake Chabot Rd.,Foothill Blvd., and 159th Ave.",,,ACTRANSIT_100,48,248,,Local,,AC:48,,,,,48,2016-12-18,"Castro Valley BARTHayward BARTBay Fair BART",,ACTransit,Local,,,
No,LineTeal,226,"Two-way loop: Rockridge BART, College Ave., Ashby Ave., 7th St., Dwight Way, Shattuck Ave., Downtown Berkeley, Bancroft Wy. / Durant Ave., Piedmont Ave., Warring St., Derby St., Claremont Blvd., Claremont Ave. and College Ave.",,,ACTRANSIT_101,49,249,,Local,,AC:49,,,,,49,2013-12-15,"Ashby BARTBerkeley BARTRockridge BART",,ACTransit,Local,,,
No,LineMaroon,,,,,,58L,258L,,Local,,AC:58L,,,,,,2000-01-01,,,ACTransit,Local,,,
No,LineSky,,,,,,68,268,,Local,,AC:68,,,,,,2000-01-01,,,ACTransit,Local,,,
No,LineOrange,199,"Two-way loop: San Leandro BART, Dutton Av., MacArthur Bl., Foothill Sq., Grand Ave., Bayfair Ctr., Bay Fair BART, Hesperian Bl., Lewelling Bl., Farnsworth St., Wiley St., Merced St., and Williams St.",,,ACTRANSIT_109,75,275,,Local,,AC:75,,,,,75,2017-12-17,"Foothill SquareBay Fair BARTSan Leandro BART",,ACTransit,Local,,,
No,LineOlive,108,"Berkeley Marina to Ashby Ave. & Claremont Ave. via University Ave., Berkeley Amtrak, 7th St., and Ashby Ave.",,,ACTRANSIT_272,81,281,,Local,,AC:81,,,,,81,2017-12-17,"Berkeley AmtrakAshby BART",,ACTransit,Local,,,
No,LineFern,240,"San Leandro BART to South Hayward BART via Washington Ave., Paseo Grande, Hesperian Blvd., A St., Hayward BART, Soto Rd. and Gading Rd.. Extended weekdays to Union Landing Transit Ctr. via Tampa Ave.,Industrial Parkway W., and Huntwood Ave.",,,ACTRANSIT_113,85,285,,Local,,AC:85,85-jun07-wv1.pdf,,,,85,2017-12-17,"Hayward BARTSouth Hayward BARTSan Leandro BARTUnion Landing TC",,ACTransit,Local,,,
No,LineSky,205,"Two-way loop: San Leandro BART, Davis St., West Gate Pkwy., Williams St., S. L. Marina, Wicks Bl., Lewelling Bl., Farnsworth St., Halcyon Dr., Bayfair Ctr., Bay Fair BART, Bancroft Ave. and Estudillo Ave. ",,,ACTRANSIT_117,89,289,,Local,,AC:89,,,,,89,2017-12-17,"Bay Fair BARTSan Leandro BART",,ACTransit,Local,,,
No,LineLavender,,,,,,242,3242,,Local,,AC:242,,,,,,2000-01-01,,,ACTransit,Local,,,
No,LineBlue,,,,,,264,3264,,Local,,AC:264,,,,,,2000-01-01,,,ACTransit,Local,,,
No,LineTeal,173,"Union City BART to Four Corners shopping area via Decoto Rd., Fremont Blvd., Thornton Ave., Willow St., Enterprise Dr., Filbert St., Sycamore St., Haley St., and Jarvis Ave.",,,ACTRANSIT_122,275,3275,,Local,,AC:275,,,,,275,2016-12-18,Union City BART,,ACTransit,Local,,,
No,LinePink,,,,,,332,3332,,Local,,AC:332,,,,,,2000-01-01,,,ACTransit,Local,,,
No,LineChartreuse,,,,,,333,3333,,Local,,AC:333,,,,,,2000-01-01,,,ACTransit,Local,,,
No,LineSky,,,,,,345,3345,,Local,,AC:345,,,,,,2000-01-01,,,ACTransit,Local,,,
No,LineMauve,,,,,,350,3350,,Local,,AC:350,,,,,,2000-01-01,,,ACTransit,Local,,,
No,LineOrange,103,Hayward BART to Sabre St. & Mack St. (AC Transit Hayward Division) via Winton Ave. and Southland Drive.,,,ACTRANSIT_131,386,3386,86,Local,,AC:386,"86,386-jun07-wv1.pdf",,,,86,2016-12-18,Hayward BART,,ACTransit,Local,,,
No,LineChartreuse,,,,,,391,3391,,Local,,AC:391,,,,,,2000-01-01,,,ACTransit,Local,,,
No,,176,"Leimert Blvd. & Clemens Rd. to Montera Middle School via Mountain Blvd. Returns via Mountain Blvd. and continues to downtown Oakland via Liemert Blvd., Park Blvd., and 12th St.",,,ACTRANSIT_46,618,3618,,Service to Schools,,AC:618,,,,,618,2017-03-26,12th Street BART,,ACTransit,Local,,,
No,,130,"Snake Rd. & Colton Blvd., Oakland to Montera Middle School via Colton Blvd., Saroni Dr., Colton Blvd. and Snake Rd. Limited stops.",,,ACTRANSIT_259,632,3632,,Service to Schools,,AC:632,,,,,632,2016-12-18,,,ACTransit,Local,,,
Yes,UnspecGray,108,Mission Blvd. & Grimmer Blvd. to Hopkins Jr. High School via Mission Blvd. and Mission San Jose High School.,,,ACTRANSIT_142,641,3641,,Service to Schools,,AC:641,,,,,641,2022-08-07,,,ACTransit,Local,,,
No,,118,"Montana St. & Fruitvale Ave., Oakland to Skyline High School via MacArthur Blvd., Coolidge Ave. and Joaquin Miller Rd.",,,ACTRANSIT_144,643,3643,,Service to Schools,,AC:643,,,,,643,2016-12-18,,,ACTransit,Local,,,
No,UnspecGray,65,Oakland Technical High School to 9th St. & Broadway via Broadway.,,,ACTRANSIT_56,651,3651,,Service to Schools,,AC:651,,,,,651,2021-04-19,,,ACTransit,Local,,,
No,UnspecGray,101,Horner Jr. High School to Milpitas Blvd. & Dixon Landing Rd. via Grimmer Blvd. and Warm Springs Blvd.,,,ACTRANSIT_247,691,3691,691,Service to Schools,,AC:691,,,,,691,2020-08-09,,,ACTransit,Local,,,
No,LineOrange,,,,,,822,3822,,All Nighter,,AC:822,,,,,,2000-01-01,,,ACTransit,Local,,,
No,LineYellow,,,,,,DA,DA,,Transbay,,AC:DA,,,,,,2000-01-01,,,ACTransit,Transbay2Zone,,,
No,PANTONE 300 C,,,,,ACTRANSIT_166,DB3,DB13,,Transbay,,DBX:DB3,,,,,,2000-01-01,,,DumbartonExpress,Transbay2Zone,,,
No,EarlyBirdPurple,83,"BART Early Bird. Salesforce Transit Center, San Francisco to 19th St. Oakland BART.",,,,704,3704,,Early Bird,,AC:704,,,,,701,2019-03-17,"19th Street Oakland BARTSalesforce Transit Center",,ACTransit,Transbay,,,
No,LineSky,133,"From 22nd St. & Bissell Ave., Richmond, to Transbay Bus Storage Facility (2nd St. & Harrison St.), San Francisco, via I-580 and I-80.",,,ACTRANSIT_298,BF3,BF13,BF3,Transbay,,AC:BF3,,,,1,BF3,2019-12-15,,,ACTransit,Transbay,,,
Yes,TempoPurple,121,"Tempo service between Uptown Oakland and San Leandro BART via 11th and 12th streets, International Blvd., and E. 14th St.",,,ACTRANSIT_2,1T,11T,1T,Tempo,,AC:1T,,,,,1T,2022-08-07,"12th Street BART19th Street Oakland BARTFruitvale BARTSan Leandro BART",,ACTransit,Local,,,
No,UnspecGray,97,Horner Jr. High School to Mission Blvd. & Paseo Padre Pkwy. via Auto Mall Pkwy. and Grimmer Blvd.,,,ACTRANSIT_300,608,3608,608,Service to Schools,,AC:608,,,,,608,2020-08-09,,,ACTransit,Local,,,
No,UnspecGray,48,From Montclair Village to Montera Middle School.,,,ACTRANSIT_303,614,3614,614,Service to Schools,,AC:614,,,,,614,2021-04-19,,,ACTransit,Local,,,
No,UnspecGray,77,From Fruitvale Ave. & Montana St. to Skyline High School via Merritt College.,,,ACTRANSIT_302,639,3639,639,Service to Schools,,AC:639,,,,,639,2021-04-19,Champion Transit Plaza,,ACTransit,Local,,,
Yes,IrregBrown,196,"Fruitvale BART to Alameda Seaplane Lagoon Ferry Terminal and USS Hornet Museum via Fruitvale Bridge, Alameda Bridgeside Center, Santa Clara Ave., Webster St., and Ralph Appezzato Memorial Parkway.",,,,78,278,,Local,,AC:78,,,,,78,2022-08-07,"Seaplane Lagoon FerryFruitvale BART",,ACTransit,Local,,,
